GLOBAL,CATEGORY,YEAR,INDICATOR,SOURCE,DESCRIPTION,UNIT,MAP,GRAPH,FILE,OPTIONS,TYPE,ASITUR006002001,ASITUR00C001002,ASITUR003003002,ASITUR00A002001,ASITUR007001002,ASITUR008003004,ASITUR005001000,ASITUR006001001,ASITUR00A002004,ASITUR009000005,ASITUR003002001,ASITUR002002001,ASITUR008001003,ASITUR00C003002,ASITUR00A001003,ASITUR004001003,ASITUR00B001003,ASITUR00B002003,ASITUR004002004,ASITUR006001003,ASITUR004001001,ASITUR002002002,ASITUR008002002,ASITUR008003003,ASITUR003002002,ASITUR00C002002,ASITUR004002003,ASITUR002001002,ASITUR00B001002,ASITUR00A001002,ASITUR00A001001,ASITUR004001002,ASITUR00C001001,ASITUR009000003,ASITUR009000006,ASITUR00B002004,ASITUR006003001,ASITUR00A002003,ASITUR006001002,ASITUR001000000,ASITUR003001000,ASITUR006003002,ASITUR008001002,ASITUR005002002,ASITUR00A002002,ASITUR008002001,ASITUR007002001,ASITUR00C001003,ASITUR007001001,ASITUR002001003,ASITUR007001005,ASITUR004002001,ASITUR005002001,ASITUR003003003,ASITUR00B001001,ASITUR003003001,ASITUR00C003001,ASITUR006002002,ASITUR003002003,ASITUR00B002002,ASITUR007001004,ASITUR007001003,ASITUR009000002,ASITUR006003003,ASITUR009000004,ASITUR004002002,ASITUR008003001,ASITUR00C002001,ASITUR00C003004,ASITUR008002003,ASITUR00C003003,ASITUR007002002,ASITUR002001001,ASITUR008003002,ASITUR009000001,ASITUR00B001004,ASITUR003003004,ASITUR00B002001,ASITUR004002005,ASITUR007002003,ASITUR008001001,,,,,,,,,,,,,,,,,,,,,,,,,,,,,,,,,,,,,,,,,,,,,,,,,,,,,,,,,,,,,,,,,,,,,,,,,,,,,,,,,,,,,,,,,,,,,,,,,,,,,,,,,,,,,,,,,,,,,,,,,,,,,,,,,,,,,,,,,,,,,,,,,,,,,,,,,,,,,,,,,,,,,,,,,,,,,,,,,,,,,,,,,,,,,,,,,,,,,,,,,,,,,,,,,,,,,,,,,,,,,,,,,,,,,,,,,,,,,,,,,,,,,,,,,,,,,,,,,,,,,,,,,,,,,,,,,,,,,,,,,,,,,,,,,,,,,,,,,,,,
,New category,2015,,,,,,,,,,,,,,,,,,,,,,,,,,,,,,,,,,,,,,,,,,,,,,,,,,,,,,,,,,,,,,,,,,,,,,,,,,,,,,,,,,,,,,,,,,,,,,,,,,,,,,,,,,,,,,,,,,,,,,,,,,,,,,,,,,,,,,,,,,,,,,,,,,,,,,,,,,,,,,,,,,,,,,,,,,,,,,,,,,,,,,,,,,,,,,,,,,,,,,,,,,,,,,,,,,,,,,,,,,,,,,,,,,,,,,,,,,,,,,,,,,,,,,,,,,,,,,,,,,,,,,,,,,,,,,,,,,,,,,,,,,,,,,,,,,,,,,,,,,,,,,,,,,,,,,,,,,,,,,,,,,,,,,,,,,,,,,,,,,,,,,,,,,,,,,,,,,,,,,,,,,,,,,,,,,,,,,,,,,,,,,,,,,,,,,
,,," Aldigi goc
",,,,"Aldigi goc
",,,,,52647,18523,22922,16597,12205,13957,204048,96441,5630,9050,42743,43296,8872,18872,7150,10890,9906,11936,14681,12537,84253,25096,12702,16286,30185,36124,,18779,22170,14062,29624,36041,46435,22308,20437,8216,32868,7321,19042,453407,126238,26856,17017,9195,11328,21601,37832,6776,12585,16098,11928,87158,56817,19447,26925,39558,24255,56171,42112,12752,11144,13878,29835,,15514,35943,41718,40135,10505,10059,11554,25319,54482,34586,27314,6996,11044,30492,13834,14933,18244,,,,,,,,,,,,,,,,,,,,,,,,,,,,,,,,,,,,,,,,,,,,,,,,,,,,,,,,,,,,,,,,,,,,,,,,,,,,,,,,,,,,,,,,,,,,,,,,,,,,,,,,,,,,,,,,,,,,,,,,,,,,,,,,,,,,,,,,,,,,,,,,,,,,,,,,,,,,,,,,,,,,,,,,,,,,,,,,,,,,,,,,,,,,,,,,,,,,,,,,,,,,,,,,,,,,,,,,,,,,,,,,,,,,,,,,,,,,,,,,,,,,,,,,,,,,,,,,,,,,,,,,,,,,,,,,,,,,,,,,,,,,,,,,,,,,,,,,,,,,
,,," Verdigi goc
",,,,"Verdigi goc
",,,,,64192,24064,26226,32174,14164,15092,153001,68374,7802,10969,37689,48892,8113,23216,9281,9806,13122,18801,12401,12247,64558,23005,16148,22636,24961,56025,,17458,21699,16766,41803,28298,48858,26942,17737,12983,41519,10589,18659,402864,105389,32272,12567,9865,19809,18092,36087,6593,15204,13816,11544,56927,57056,22337,31368,36736,34592,58404,37663,23855,11955,15959,32600,,18936,28492,44627,50580,16166,11274,23615,33501,33937,40805,32454,8133,11001,48061,11497,26804,25340,,,,,,,,,,,,,,,,,,,,,,,,,,,,,,,,,,,,,,,,,,,,,,,,,,,,,,,,,,,,,,,,,,,,,,,,,,,,,,,,,,,,,,,,,,,,,,,,,,,,,,,,,,,,,,,,,,,,,,,,,,,,,,,,,,,,,,,,,,,,,,,,,,,,,,,,,,,,,,,,,,,,,,,,,,,,,,,,,,,,,,,,,,,,,,,,,,,,,,,,,,,,,,,,,,,,,,,,,,,,,,,,,,,,,,,,,,,,,,,,,,,,,,,,,,,,,,,,,,,,,,,,,,,,,,,,,,,,,,,,,,,,,,,,,,,,,,,,,,,,
,,," Net goc

",,,,"Net goc

",,,,,-11545,-5541,-3304,-15577,-1959,-1135,51047,28067,-2172,-1919,5054,-5596,759,-4344,-2131,1084,-3216,-6865,2280,290,19695,2091,-3446,-6350,5224,-19901,,1321,471,-2704,-12179,7743,-2423,-4634,2700,-4767,-8651,-3268,383,50543,20849,-5416,4450,-670,-8481,3509,1745,183,-2619,2282,384,30231,-239,-2890,-4443,2822,-10337,-2233,4449,-11103,-811,-2081,-2765,,-3422,7451,-2909,-10445,-5661,-1215,-12061,-8182,20545,-6219,-5140,-1137,43,-17569,2337,-11871,-7096,,,,,,,,,,,,,,,,,,,,,,,,,,,,,,,,,,,,,,,,,,,,,,,,,,,,,,,,,,,,,,,,,,,,,,,,,,,,,,,,,,,,,,,,,,,,,,,,,,,,,,,,,,,,,,,,,,,,,,,,,,,,,,,,,,,,,,,,,,,,,,,,,,,,,,,,,,,,,,,,,,,,,,,,,,,,,,,,,,,,,,,,,,,,,,,,,,,,,,,,,,,,,,,,,,,,,,,,,,,,,,,,,,,,,,,,,,,,,,,,,,,,,,,,,,,,,,,,,,,,,,,,,,,,,,,,,,,,,,,,,,,,,,,,,,,,,,,,,,,,
,,, Net goc hizi  ,,,%,Net goc hizi (%) ,,,,,-5.274243532,-9.150442288,-4.649153542,-28.06674252,-5.055568674,-3.516822651,9.732411588,12.34027539,-21.64402946,-11.33293372,4.808849654,-4.704553059,3.987842073,-7.637063669,-26.76614478,5.117576799,-11.9646418,-19.96327223,7.863289131,1.123186441,6.952731838,4.081628669,-18.8648258,-12.01843458,5.272347426,-11.95868272,,3.287079488,0.820459579,-12.05689571,-15.84960122,9.410040415,-1.25346118,-10.80178926,17.98812784,-16.95484931,-5.625450106,-16.83937156,0.908498972,3.454239932,5.01420097,-4.926690912,18.95609428,-2.762533449,-28.56512535,9.461319543,1.302060501,1.401616838,-9.643549518,6.598579657,1.703864756,17.12863245,-0.112171631,-5.044439945,-5.731975016,2.046477224,-12.89289369,-1.278676086,4.907061967,-26.80074684,-2.824086568,-5.994449157,-3.785951996,,-10.34806012,7.847655841,-2.270282209,-5.504488042,-17.51647294,-5.934341276,-24.30602088,-13.13938475,22.14766005,-10.41534954,-6.666779077,-13.12258712,0.121803887,-15.89693639,10.080206,-27.90710796,-11.83741899,,,,,,,,,,,,,,,,,,,,,,,,,,,,,,,,,,,,,,,,,,,,,,,,,,,,,,,,,,,,,,,,,,,,,,,,,,,,,,,,,,,,,,,,,,,,,,,,,,,,,,,,,,,,,,,,,,,,,,,,,,,,,,,,,,,,,,,,,,,,,,,,,,,,,,,,,,,,,,,,,,,,,,,,,,,,,,,,,,,,,,,,,,,,,,,,,,,,,,,,,,,,,,,,,,,,,,,,,,,,,,,,,,,,,,,,,,,,,,,,,,,,,,,,,,,,,,,,,,,,,,,,,,,,,,,,,,,,,,,,,,,,,,,,,,,,,,,,,,,,
,,2014,,,,,,,,,,,,,,,,,,,,,,,,,,,,,,,,,,,,,,,,,,,,,,,,,,,,,,,,,,,,,,,,,,,,,,,,,,,,,,,,,,,,,,,,,,,,,,,,,,,,,,,,,,,,,,,,,,,,,,,,,,,,,,,,,,,,,,,,,,,,,,,,,,,,,,,,,,,,,,,,,,,,,,,,,,,,,,,,,,,,,,,,,,,,,,,,,,,,,,,,,,,,,,,,,,,,,,,,,,,,,,,,,,,,,,,,,,,,,,,,,,,,,,,,,,,,,,,,,,,,,,,,,,,,,,,,,,,,,,,,,,,,,,,,,,,,,,,,,,,,,,,,,,,,,,,,,,,,,,,,,,,,,,,,,,,,,,,,,,,,,,,,,,,,,,,,,,,,,,,,,,,,,,,,,,,,,,,,,,,,,,,,,,,,,,
,,,-,,,,"Aldigi goc
",,,,,51562,16578,21414,14480,11936,12970,203621,93057,5323,9551,45842,57551,7794,18543,8912,10090,9400,11447,13264,10235,80717,27429,14519,15875,28279,36920,,16431,19724,15450,27994,35927,46438,26857,18811,7187,32678,7407,17966,438998,124439,27619,13438,8673,10280,17539,40957,5759,13306,14553,10648,79697,55798,18734,29285,35570,22207,55598,48219,12077,10164,13785,28555,,17311,32701,41057,35670,10551,10783,12749,29726,52994,35891,31847,7286,10190,27587,14680,16200,18115,,,,,,,,,,,,,,,,,,,,,,,,,,,,,,,,,,,,,,,,,,,,,,,,,,,,,,,,,,,,,,,,,,,,,,,,,,,,,,,,,,,,,,,,,,,,,,,,,,,,,,,,,,,,,,,,,,,,,,,,,,,,,,,,,,,,,,,,,,,,,,,,,,,,,,,,,,,,,,,,,,,,,,,,,,,,,,,,,,,,,,,,,,,,,,,,,,,,,,,,,,,,,,,,,,,,,,,,,,,,,,,,,,,,,,,,,,,,,,,,,,,,,,,,,,,,,,,,,,,,,,,,,,,,,,,,,,,,,,,,,,,,,,,,,,,,,,,,,,,,
,,,-,,,,"Verdigi goc
",,,,,63181,24330,27100,30995,14577,14817,163612,64631,8033,10187,32396,39918,8903,21515,5583,10114,12852,17470,13065,12271,65027,20540,23080,24652,24771,48019,,17108,24162,13641,45209,27977,44415,23620,16071,10897,39181,9453,19930,424662,101447,30903,13195,9788,20020,18163,33374,7451,18744,13678,12199,55060,55453,21860,31476,38432,30796,54843,29671,22688,13165,17946,39937,,17932,28311,44519,49030,14366,11950,16142,34855,31266,38737,29741,6810,10895,44435,11064,27722,24783,,,,,,,,,,,,,,,,,,,,,,,,,,,,,,,,,,,,,,,,,,,,,,,,,,,,,,,,,,,,,,,,,,,,,,,,,,,,,,,,,,,,,,,,,,,,,,,,,,,,,,,,,,,,,,,,,,,,,,,,,,,,,,,,,,,,,,,,,,,,,,,,,,,,,,,,,,,,,,,,,,,,,,,,,,,,,,,,,,,,,,,,,,,,,,,,,,,,,,,,,,,,,,,,,,,,,,,,,,,,,,,,,,,,,,,,,,,,,,,,,,,,,,,,,,,,,,,,,,,,,,,,,,,,,,,,,,,,,,,,,,,,,,,,,,,,,,,,,,,,
,,,-,,,,"Net goc

",,,,,-11619,-7752,-5686,-16515,-2641,-1847,40009,28426,-2710,-636,13446,17633,-1109,-2972,3329,-24,-3452,-6023,199,-2036,15690,6889,-8561,-8777,3508,-11099,,-677,-4438,1809,-17215,7950,2023,3237,2740,-3710,-6503,-2046,-1964,14336,22992,-3284,243,-1115,-9740,-624,7583,-1692,-5438,875,-1551,24637,345,-3126,-2191,-2862,-8589,755,18548,-10611,-3001,-4161,-11382,,-621,4390,-3462,-13360,-3815,-1167,-3393,-5129,21728,-2846,2106,476,-705,-16848,3616,-11522,-6668,,,,,,,,,,,,,,,,,,,,,,,,,,,,,,,,,,,,,,,,,,,,,,,,,,,,,,,,,,,,,,,,,,,,,,,,,,,,,,,,,,,,,,,,,,,,,,,,,,,,,,,,,,,,,,,,,,,,,,,,,,,,,,,,,,,,,,,,,,,,,,,,,,,,,,,,,,,,,,,,,,,,,,,,,,,,,,,,,,,,,,,,,,,,,,,,,,,,,,,,,,,,,,,,,,,,,,,,,,,,,,,,,,,,,,,,,,,,,,,,,,,,,,,,,,,,,,,,,,,,,,,,,,,,,,,,,,,,,,,,,,,,,,,,,,,,,,,,,,,,
,,,-,,,%,Net goc hizi (%) ,,,,,-5.350914581,-12.88326123,-8.017326223,-29.61309324,-6.849554883,-5.72116226,7.798922724,12.87205962,-26.52597784,-3.741352534,12.98809183,14.94017533,-5.838086539,-5.31588559,42.16993381,-0.11432001,-12.89286448,-17.66096978,0.699007164,-7.894043022,5.644506194,13.55180679,-45.57832727,-16.51027025,3.590781886,-6.76521816,,-1.689887012,-7.772710396,8.121996062,-22.30131716,9.834909599,1.071246355,7.556630961,18.89876744,-13.33851054,-4.269616815,-10.59669876,-4.67884182,0.997644373,5.605650121,-3.010965636,1.050985786,-4.628101918,-32.32272281,-1.69005387,5.7508639,-13.05283621,-19.86041467,2.548898803,-6.940140727,14.40358871,0.163612915,-5.45438366,-2.843093301,-2.090064089,-10.82705516,0.437205303,20.9526284,-25.47527559,-10.42917389,-12.02675889,-15.59265657,,-1.881307948,4.717837833,-2.722297361,-7.212471529,-11.91169422,-5.689643824,-6.915140244,-8.19747459,24.25357307,-4.748532977,2.750320283,5.516346232,-2.015371136,-15.40084427,16.09213817,-26.28667118,-11.07402056,,,,,,,,,,,,,,,,,,,,,,,,,,,,,,,,,,,,,,,,,,,,,,,,,,,,,,,,,,,,,,,,,,,,,,,,,,,,,,,,,,,,,,,,,,,,,,,,,,,,,,,,,,,,,,,,,,,,,,,,,,,,,,,,,,,,,,,,,,,,,,,,,,,,,,,,,,,,,,,,,,,,,,,,,,,,,,,,,,,,,,,,,,,,,,,,,,,,,,,,,,,,,,,,,,,,,,,,,,,,,,,,,,,,,,,,,,,,,,,,,,,,,,,,,,,,,,,,,,,,,,,,,,,,,,,,,,,,,,,,,,,,,,,,,,,,,,,,,,,,
,,2013,,,,,,,,,,,,,,,,,,,,,,,,,,,,,,,,,,,,,,,,,,,,,,,,,,,,,,,,,,,,,,,,,,,,,,,,,,,,,,,,,,,,,,,,,,,,,,,,,,,,,,,,,,,,,,,,,,,,,,,,,,,,,,,,,,,,,,,,,,,,,,,,,,,,,,,,,,,,,,,,,,,,,,,,,,,,,,,,,,,,,,,,,,,,,,,,,,,,,,,,,,,,,,,,,,,,,,,,,,,,,,,,,,,,,,,,,,,,,,,,,,,,,,,,,,,,,,,,,,,,,,,,,,,,,,,,,,,,,,,,,,,,,,,,,,,,,,,,,,,,,,,,,,,,,,,,,,,,,,,,,,,,,,,,,,,,,,,,,,,,,,,,,,,,,,,,,,,,,,,,,,,,,,,,,,,,,,,,,,,,,,,,,,,,,,
,,,-,,,,"Aldigi goc
",,,,,50598,15715,22200,14725,11491,12379,186642,88605,5254,10053,34688,38710,7886,18816,4787,10231,10968,11314,13138,11156,75518,24766,22290,17073,27088,35466,,16255,21433,12662,23398,33893,41978,23453,16677,8007,29067,6882,18730,437922,113673,24560,13652,8747,11046,19911,36580,6566,15089,14120,11259,71159,51080,17875,25876,36257,22596,51468,35246,11070,10322,14731,30792,,16842,30770,38644,33383,10866,12085,13031,26354,45313,26987,25115,8458,10655,32118,14670,16688,17006,,,,,,,,,,,,,,,,,,,,,,,,,,,,,,,,,,,,,,,,,,,,,,,,,,,,,,,,,,,,,,,,,,,,,,,,,,,,,,,,,,,,,,,,,,,,,,,,,,,,,,,,,,,,,,,,,,,,,,,,,,,,,,,,,,,,,,,,,,,,,,,,,,,,,,,,,,,,,,,,,,,,,,,,,,,,,,,,,,,,,,,,,,,,,,,,,,,,,,,,,,,,,,,,,,,,,,,,,,,,,,,,,,,,,,,,,,,,,,,,,,,,,,,,,,,,,,,,,,,,,,,,,,,,,,,,,,,,,,,,,,,,,,,,,,,,,,,,,,,,
,,,-,,,,"Verdigi goc
",,,,,62933,24077,26799,28477,13726,14658,153791,64075,7633,8644,32338,39688,8133,20209,4677,9202,10940,16174,12401,10001,61744,18238,16991,21460,24039,47949,,17000,21303,12884,39997,28329,42291,20170,11162,10293,39315,9779,19807,371601,99681,29322,11676,9445,18072,15658,33789,6161,17818,13297,11346,54742,55006,20915,33194,36989,29525,55482,30687,20193,12147,15493,46332,,15859,27170,42504,47429,13339,9869,13753,30244,31681,47071,29988,5612,10493,38507,9808,26572,25571,,,,,,,,,,,,,,,,,,,,,,,,,,,,,,,,,,,,,,,,,,,,,,,,,,,,,,,,,,,,,,,,,,,,,,,,,,,,,,,,,,,,,,,,,,,,,,,,,,,,,,,,,,,,,,,,,,,,,,,,,,,,,,,,,,,,,,,,,,,,,,,,,,,,,,,,,,,,,,,,,,,,,,,,,,,,,,,,,,,,,,,,,,,,,,,,,,,,,,,,,,,,,,,,,,,,,,,,,,,,,,,,,,,,,,,,,,,,,,,,,,,,,,,,,,,,,,,,,,,,,,,,,,,,,,,,,,,,,,,,,,,,,,,,,,,,,,,,,,,,
,,,-,,,,"Net goc

",,,,,-12335,-8362,-4599,-13752,-2235,-2279,32851,24530,-2379,1409,2350,-978,-247,-1393,110,1029,28,-4860,737,1155,13774,6528,5299,-4387,3049,-12483,,-745,130,-222,-16599,5564,-313,3283,5515,-2286,-10248,-2897,-1077,66321,13992,-4762,1976,-698,-7026,4253,2791,405,-2729,823,-87,16417,-3926,-3040,-7318,-732,-6929,-4014,4559,-9123,-1825,-762,-15540,,983,3600,-3860,-14046,-2473,2216,-722,-3890,13632,-20084,-4873,2846,162,-6389,4862,-9884,-8565,,,,,,,,,,,,,,,,,,,,,,,,,,,,,,,,,,,,,,,,,,,,,,,,,,,,,,,,,,,,,,,,,,,,,,,,,,,,,,,,,,,,,,,,,,,,,,,,,,,,,,,,,,,,,,,,,,,,,,,,,,,,,,,,,,,,,,,,,,,,,,,,,,,,,,,,,,,,,,,,,,,,,,,,,,,,,,,,,,,,,,,,,,,,,,,,,,,,,,,,,,,,,,,,,,,,,,,,,,,,,,,,,,,,,,,,,,,,,,,,,,,,,,,,,,,,,,,,,,,,,,,,,,,,,,,,,,,,,,,,,,,,,,,,,,,,,,,,,,,,
,,,-,,,%,Net goc hizi (%) ,,,,,-5.722762654,-13.90503272,-6.48273772,-24.64282066,-5.821472246,-7.053183604,6.5327575,11.4305685,-22.88127035,8.355596144,2.304414081,-0.840747905,-1.305065716,-2.540684234,1.45570039,4.938247906,0.105461394,-14.31154406,2.603067523,4.499599711,5.03788656,13.08048667,28.14731793,-8.211150282,3.169638007,-7.735741661,,-1.867380867,0.228803148,-1.008600363,-21.41727691,6.9816875,-0.16968499,7.754528888,39.7751245,-8.337466811,-6.794899847,-15.09856806,-2.574630211,4.694525457,3.451339614,-4.417083222,8.618922373,-2.929228497,-23.08245753,11.62128228,2.156945407,3.15461099,-9.886875164,2.419538583,-0.389189479,9.842364494,-1.886422562,-5.30005457,-9.551068459,-0.538302978,-8.847009554,-2.350418467,5.274267095,-21.87169231,-6.372818619,-2.214865175,-21.02210161,,2.999571272,3.931963918,-3.054425752,-7.764497903,-7.841098071,10.89157574,-1.518031353,-6.216351401,15.7112414,-32.99219713,-6.406165063,33.87893578,0.467630987,-5.952627742,22.33440978,-22.00586437,-14.13717433,,,,,,,,,,,,,,,,,,,,,,,,,,,,,,,,,,,,,,,,,,,,,,,,,,,,,,,,,,,,,,,,,,,,,,,,,,,,,,,,,,,,,,,,,,,,,,,,,,,,,,,,,,,,,,,,,,,,,,,,,,,,,,,,,,,,,,,,,,,,,,,,,,,,,,,,,,,,,,,,,,,,,,,,,,,,,,,,,,,,,,,,,,,,,,,,,,,,,,,,,,,,,,,,,,,,,,,,,,,,,,,,,,,,,,,,,,,,,,,,,,,,,,,,,,,,,,,,,,,,,,,,,,,,,,,,,,,,,,,,,,,,,,,,,,,,,,,,,,,,
,,2012,,,,,,,,,,,,,,,,,,,,,,,,,,,,,,,,,,,,,,,,,,,,,,,,,,,,,,,,,,,,,,,,,,,,,,,,,,,,,,,,,,,,,,,,,,,,,,,,,,,,,,,,,,,,,,,,,,,,,,,,,,,,,,,,,,,,,,,,,,,,,,,,,,,,,,,,,,,,,,,,,,,,,,,,,,,,,,,,,,,,,,,,,,,,,,,,,,,,,,,,,,,,,,,,,,,,,,,,,,,,,,,,,,,,,,,,,,,,,,,,,,,,,,,,,,,,,,,,,,,,,,,,,,,,,,,,,,,,,,,,,,,,,,,,,,,,,,,,,,,,,,,,,,,,,,,,,,,,,,,,,,,,,,,,,,,,,,,,,,,,,,,,,,,,,,,,,,,,,,,,,,,,,,,,,,,,,,,,,,,,,,,,,,,,,,
,,,-,,,,"Aldigi goc
",,,,,45927,14323,24167,12856,10667,11228,160235,83596,4923,7286,32412,34922,7145,15906,3664,10387,7569,10998,13136,11473,67736,23252,17050,13289,24446,30789,,14813,17108,12192,22551,32363,41672,18027,11166,5622,27260,6429,19731,384535,105804,19908,13510,8191,9706,14340,33917,4315,13776,12548,9733,62966,51981,20550,24270,32211,21676,46721,33213,9914,10214,12359,48240,,12315,28457,32249,31890,8823,8277,11075,21492,42155,34725,21864,5171,10351,50003,11353,14646,14279,,,,,,,,,,,,,,,,,,,,,,,,,,,,,,,,,,,,,,,,,,,,,,,,,,,,,,,,,,,,,,,,,,,,,,,,,,,,,,,,,,,,,,,,,,,,,,,,,,,,,,,,,,,,,,,,,,,,,,,,,,,,,,,,,,,,,,,,,,,,,,,,,,,,,,,,,,,,,,,,,,,,,,,,,,,,,,,,,,,,,,,,,,,,,,,,,,,,,,,,,,,,,,,,,,,,,,,,,,,,,,,,,,,,,,,,,,,,,,,,,,,,,,,,,,,,,,,,,,,,,,,,,,,,,,,,,,,,,,,,,,,,,,,,,,,,,,,,,,,,
,,,-,,,,"Verdigi goc
",,,,,59294,22591,21738,27984,12374,13128,137834,62893,5986,7612,29623,35315,7330,20739,4085,8118,11145,16886,9677,8497,61520,14374,10609,20610,21992,47575,,13675,18344,10649,33234,25299,39410,17861,9001,10137,35139,8632,14330,354074,95954,29467,8444,8066,16185,13933,30143,6075,13912,11232,9898,51561,48313,16702,28545,34054,30299,53523,28301,20646,10859,13514,26595,,13856,23787,41561,44878,14628,10371,14617,27441,28042,31812,25478,5404,9435,46639,9199,24525,22687,,,,,,,,,,,,,,,,,,,,,,,,,,,,,,,,,,,,,,,,,,,,,,,,,,,,,,,,,,,,,,,,,,,,,,,,,,,,,,,,,,,,,,,,,,,,,,,,,,,,,,,,,,,,,,,,,,,,,,,,,,,,,,,,,,,,,,,,,,,,,,,,,,,,,,,,,,,,,,,,,,,,,,,,,,,,,,,,,,,,,,,,,,,,,,,,,,,,,,,,,,,,,,,,,,,,,,,,,,,,,,,,,,,,,,,,,,,,,,,,,,,,,,,,,,,,,,,,,,,,,,,,,,,,,,,,,,,,,,,,,,,,,,,,,,,,,,,,,,,,
,,,-,,,,"Net goc

",,,,,-13367,-8268,2429,-15128,-1707,-1900,22401,20703,-1063,-326,2789,-393,-185,-4833,-421,2269,-3576,-5888,3459,2976,6216,8878,6441,-7321,2454,-16786,,1138,-1236,1543,-10683,7064,2262,166,2165,-4515,-7879,-2203,5401,30461,9850,-9559,5066,125,-6479,407,3774,-1760,-136,1316,-165,11405,3668,3848,-4275,-1843,-8623,-6802,4912,-10732,-645,-1155,21645,,-1541,4670,-9312,-12988,-5805,-2094,-3542,-5949,14113,2913,-3614,-233,916,3364,2154,-9879,-8408,,,,,,,,,,,,,,,,,,,,,,,,,,,,,,,,,,,,,,,,,,,,,,,,,,,,,,,,,,,,,,,,,,,,,,,,,,,,,,,,,,,,,,,,,,,,,,,,,,,,,,,,,,,,,,,,,,,,,,,,,,,,,,,,,,,,,,,,,,,,,,,,,,,,,,,,,,,,,,,,,,,,,,,,,,,,,,,,,,,,,,,,,,,,,,,,,,,,,,,,,,,,,,,,,,,,,,,,,,,,,,,,,,,,,,,,,,,,,,,,,,,,,,,,,,,,,,,,,,,,,,,,,,,,,,,,,,,,,,,,,,,,,,,,,,,,,,,,,,,,
,,,-,,,%,Net goc hizi (%) ,,,,,-6.26876332,-13.79390886,3.456502358,-27.01582948,-4.483038907,-5.878112693,4.52148888,9.94291815,-9.918404098,-1.949236151,2.774719904,-0.338522431,-0.981283997,-9.00634805,-5.53892708,11.17835862,-13.53033542,-17.30761882,12.38229393,11.76968436,2.31502948,18.14606788,35.54920234,-13.71910227,2.584980987,-10.48757935,,2.851137073,-2.194130877,7.106849151,-13.63433612,8.98478539,1.257765814,0.395735591,16.14063601,-15.99705215,-5.296402594,-11.50328572,13.04707552,2.201017312,2.4621713,-8.950764242,22.75708407,0.531097907,-21.03158308,1.131798962,2.964461806,-14.05750799,-0.494914391,3.864223632,-0.745622855,7.001277173,1.78887823,6.7331937,-5.591864524,-1.368140876,-11.09299371,-4.033805209,5.787750283,-25.63624811,-2.259095486,-3.388612209,29.62842303,,-4.742669406,5.189280968,-7.411782123,-7.343790375,-18.50013465,-10.34799711,-7.556218307,-9.495466549,16.69654883,4.755658262,-4.757109668,-2.696993373,2.679843539,3.202915758,10.22199865,-21.56278341,-13.7671086,,,,,,,,,,,,,,,,,,,,,,,,,,,,,,,,,,,,,,,,,,,,,,,,,,,,,,,,,,,,,,,,,,,,,,,,,,,,,,,,,,,,,,,,,,,,,,,,,,,,,,,,,,,,,,,,,,,,,,,,,,,,,,,,,,,,,,,,,,,,,,,,,,,,,,,,,,,,,,,,,,,,,,,,,,,,,,,,,,,,,,,,,,,,,,,,,,,,,,,,,,,,,,,,,,,,,,,,,,,,,,,,,,,,,,,,,,,,,,,,,,,,,,,,,,,,,,,,,,,,,,,,,,,,,,,,,,,,,,,,,,,,,,,,,,,,,,,,,,,,
,,2011,,,,,,,,,,,,,,,,,,,,,,,,,,,,,,,,,,,,,,,,,,,,,,,,,,,,,,,,,,,,,,,,,,,,,,,,,,,,,,,,,,,,,,,,,,,,,,,,,,,,,,,,,,,,,,,,,,,,,,,,,,,,,,,,,,,,,,,,,,,,,,,,,,,,,,,,,,,,,,,,,,,,,,,,,,,,,,,,,,,,,,,,,,,,,,,,,,,,,,,,,,,,,,,,,,,,,,,,,,,,,,,,,,,,,,,,,,,,,,,,,,,,,,,,,,,,,,,,,,,,,,,,,,,,,,,,,,,,,,,,,,,,,,,,,,,,,,,,,,,,,,,,,,,,,,,,,,,,,,,,,,,,,,,,,,,,,,,,,,,,,,,,,,,,,,,,,,,,,,,,,,,,,,,,,,,,,,,,,,,,,,,,,,,,,,
,,,-,,,,"Aldigi goc
",,,,,53685,12091,20223,12115,10217,11533,168193,75696,3775,6206,28524,33275,7566,18326,3101,8283,6986,11594,12808,8144,66615,15412,20166,13672,20119,32384,,15183,15900,11966,24830,32346,36075,16970,8681,4314,28547,5179,18633,388467,116390,18521,8511,7853,9028,13047,31075,4662,15861,10359,10947,60432,46042,15291,25806,28781,18296,48377,28390,10158,8965,12588,30335,,12428,25376,38874,27190,8475,9562,8356,23217,37655,32655,36868,4100,8693,22866,12269,17705,16258,,,,,,,,,,,,,,,,,,,,,,,,,,,,,,,,,,,,,,,,,,,,,,,,,,,,,,,,,,,,,,,,,,,,,,,,,,,,,,,,,,,,,,,,,,,,,,,,,,,,,,,,,,,,,,,,,,,,,,,,,,,,,,,,,,,,,,,,,,,,,,,,,,,,,,,,,,,,,,,,,,,,,,,,,,,,,,,,,,,,,,,,,,,,,,,,,,,,,,,,,,,,,,,,,,,,,,,,,,,,,,,,,,,,,,,,,,,,,,,,,,,,,,,,,,,,,,,,,,,,,,,,,,,,,,,,,,,,,,,,,,,,,,,,,,,,,,,,,,,,
,,,-,,,,"Verdigi goc
",,,,,54109,18295,22256,22613,12587,13187,131114,58632,7033,7547,27640,31291,7104,16855,4420,8251,10726,16485,10124,8659,56368,14802,11831,22699,21706,43918,,12910,18001,11189,33681,23225,34125,19567,10444,7949,32296,7986,15822,348986,89517,26934,9242,8424,15660,14570,28831,5677,15565,11242,12186,48399,51006,18210,28208,34262,40308,49209,26613,20182,10667,15778,31296,,14575,21665,39581,35154,11797,9558,13025,28585,29066,34213,26474,6205,9644,27175,10233,25546,20701,,,,,,,,,,,,,,,,,,,,,,,,,,,,,,,,,,,,,,,,,,,,,,,,,,,,,,,,,,,,,,,,,,,,,,,,,,,,,,,,,,,,,,,,,,,,,,,,,,,,,,,,,,,,,,,,,,,,,,,,,,,,,,,,,,,,,,,,,,,,,,,,,,,,,,,,,,,,,,,,,,,,,,,,,,,,,,,,,,,,,,,,,,,,,,,,,,,,,,,,,,,,,,,,,,,,,,,,,,,,,,,,,,,,,,,,,,,,,,,,,,,,,,,,,,,,,,,,,,,,,,,,,,,,,,,,,,,,,,,,,,,,,,,,,,,,,,,,,,,,
,,,-,,,,"Net goc

",,,,,-424,-6204,-2033,-10498,-2370,-1654,37079,17064,-3258,-1341,884,1984,462,1471,-1319,32,-3740,-4891,2684,-515,10247,610,8335,-9027,-1587,-11534,,2273,-2101,777,-8851,9121,1950,-2597,-1763,-3635,-3749,-2807,2811,39481,26873,-8413,-731,-571,-6632,-1523,2244,-1015,296,-883,-1239,12033,-4964,-2919,-2402,-5481,-22012,-832,1777,-10024,-1702,-3190,-961,,-2147,3711,-707,-7964,-3322,4,-4669,-5368,8589,-1558,10394,-2105,-951,-4309,2036,-7841,-4443,,,,,,,,,,,,,,,,,,,,,,,,,,,,,,,,,,,,,,,,,,,,,,,,,,,,,,,,,,,,,,,,,,,,,,,,,,,,,,,,,,,,,,,,,,,,,,,,,,,,,,,,,,,,,,,,,,,,,,,,,,,,,,,,,,,,,,,,,,,,,,,,,,,,,,,,,,,,,,,,,,,,,,,,,,,,,,,,,,,,,,,,,,,,,,,,,,,,,,,,,,,,,,,,,,,,,,,,,,,,,,,,,,,,,,,,,,,,,,,,,,,,,,,,,,,,,,,,,,,,,,,,,,,,,,,,,,,,,,,,,,,,,,,,,,,,,,,,,,,,
,,,-,,,%,Net goc hizi (%) ,,,,,-0.205581937,-10.48722313,-2.894599145,-19.33639582,-6.268315648,-5.087743583,8.004511834,8.928435949,-29.67267163,-8.066141154,0.903226993,1.741736627,2.454600516,2.958196124,-17.50044779,0.158380559,-14.51778817,-14.77935966,9.933272391,-2.045213109,4.025501258,1.277674214,46.08753591,-16.55669526,-1.711686982,-7.584275943,,5.764258806,-3.808108316,3.649609323,-11.36736522,12.14729915,1.179891026,-6.137180276,-13.37049466,-14.0576266,-2.584995785,-15.18204117,6.702583869,3.061630226,6.971179195,-8.076240943,-3.338974419,-2.459537168,-21.40376696,-4.223697913,1.862627101,-8.278179453,1.054559187,-2.646719851,-5.538135584,7.935285841,-2.488024752,-5.091899275,-3.254367722,-4.106548488,-29.39409074,-0.506914015,2.217113697,-24.47887159,-5.974529269,-9.340704389,-1.327370984,,-6.695930826,4.316549273,-0.565405727,-4.922981062,-10.88170648,0.019887437,-10.78892731,-8.439840196,11.02545456,-2.491930815,13.67757557,-25.02570931,-2.827533817,-4.20609987,10.10356652,-15.9601698,-7.142702121,,,,,,,,,,,,,,,,,,,,,,,,,,,,,,,,,,,,,,,,,,,,,,,,,,,,,,,,,,,,,,,,,,,,,,,,,,,,,,,,,,,,,,,,,,,,,,,,,,,,,,,,,,,,,,,,,,,,,,,,,,,,,,,,,,,,,,,,,,,,,,,,,,,,,,,,,,,,,,,,,,,,,,,,,,,,,,,,,,,,,,,,,,,,,,,,,,,,,,,,,,,,,,,,,,,,,,,,,,,,,,,,,,,,,,,,,,,,,,,,,,,,,,,,,,,,,,,,,,,,,,,,,,,,,,,,,,,,,,,,,,,,,,,,,,,,,,,,,,,,
,,2010,,,,,,,,,,,,,,,,,,,,,,,,,,,,,,,,,,,,,,,,,,,,,,,,,,,,,,,,,,,,,,,,,,,,,,,,,,,,,,,,,,,,,,,,,,,,,,,,,,,,,,,,,,,,,,,,,,,,,,,,,,,,,,,,,,,,,,,,,,,,,,,,,,,,,,,,,,,,,,,,,,,,,,,,,,,,,,,,,,,,,,,,,,,,,,,,,,,,,,,,,,,,,,,,,,,,,,,,,,,,,,,,,,,,,,,,,,,,,,,,,,,,,,,,,,,,,,,,,,,,,,,,,,,,,,,,,,,,,,,,,,,,,,,,,,,,,,,,,,,,,,,,,,,,,,,,,,,,,,,,,,,,,,,,,,,,,,,,,,,,,,,,,,,,,,,,,,,,,,,,,,,,,,,,,,,,,,,,,,,,,,,,,,,,,,
,,,-,,,,"Aldigi goc
",,,,,45493,12155,18270,12195,11146,11748,156760,92031,4640,6700,34375,37407,8418,16467,2996,8206,8977,11721,10049,9674,82964,16390,12680,15828,22721,31677,,11202,15294,10977,18999,31731,37184,20089,9281,7801,29459,5559,17997,374868,117067,26142,8383,8904,8855,14775,30021,4998,11360,10565,9822,63965,45502,14112,25500,38301,27606,46776,35907,10058,9531,15150,27719,,13253,24321,35404,25510,11870,10299,13223,18871,47534,29593,25918,6861,8666,21187,16656,15352,17639,,,,,,,,,,,,,,,,,,,,,,,,,,,,,,,,,,,,,,,,,,,,,,,,,,,,,,,,,,,,,,,,,,,,,,,,,,,,,,,,,,,,,,,,,,,,,,,,,,,,,,,,,,,,,,,,,,,,,,,,,,,,,,,,,,,,,,,,,,,,,,,,,,,,,,,,,,,,,,,,,,,,,,,,,,,,,,,,,,,,,,,,,,,,,,,,,,,,,,,,,,,,,,,,,,,,,,,,,,,,,,,,,,,,,,,,,,,,,,,,,,,,,,,,,,,,,,,,,,,,,,,,,,,,,,,,,,,,,,,,,,,,,,,,,,,,,,,,,,,,
,,,-,,,,"Verdigi goc
",,,,,58316,20971,24861,27450,12596,14268,126198,55806,7447,8660,25577,31129,6325,19669,4949,8793,10192,20957,11032,10019,47370,14246,11612,24072,22120,47777,,14249,18813,11976,43585,21970,36229,18539,9073,6981,32624,9356,16800,348193,89819,25574,8489,8145,17726,14003,28621,4611,16605,11027,12312,40947,56760,21711,27830,35458,41432,50110,24959,25896,10882,13991,31458,,13825,20887,40633,37282,12625,9472,15877,30428,22373,35892,27027,6068,10222,30275,6542,30117,19530,,,,,,,,,,,,,,,,,,,,,,,,,,,,,,,,,,,,,,,,,,,,,,,,,,,,,,,,,,,,,,,,,,,,,,,,,,,,,,,,,,,,,,,,,,,,,,,,,,,,,,,,,,,,,,,,,,,,,,,,,,,,,,,,,,,,,,,,,,,,,,,,,,,,,,,,,,,,,,,,,,,,,,,,,,,,,,,,,,,,,,,,,,,,,,,,,,,,,,,,,,,,,,,,,,,,,,,,,,,,,,,,,,,,,,,,,,,,,,,,,,,,,,,,,,,,,,,,,,,,,,,,,,,,,,,,,,,,,,,,,,,,,,,,,,,,,,,,,,,,
,,,-,,,,"Net goc

",,,,,-12823,-8816,-6591,-15255,-1450,-2520,30562,36225,-2807,-1960,8798,6278,2093,-3202,-1953,-587,-1215,-9236,-983,-345,35594,2144,1068,-8244,601,-16100,,-3047,-3519,-999,-24586,9761,955,1550,208,820,-3165,-3797,1197,26675,27248,568,-106,759,-8871,772,1400,387,-5245,-462,-2490,23018,-11258,-7599,-2330,2843,-13826,-3334,10948,-15838,-1351,1159,-3739,,-572,3434,-5229,-11772,-755,827,-2654,-11557,25161,-6299,-1109,793,-1556,-9088,10114,-14765,-1891,,,,,,,,,,,,,,,,,,,,,,,,,,,,,,,,,,,,,,,,,,,,,,,,,,,,,,,,,,,,,,,,,,,,,,,,,,,,,,,,,,,,,,,,,,,,,,,,,,,,,,,,,,,,,,,,,,,,,,,,,,,,,,,,,,,,,,,,,,,,,,,,,,,,,,,,,,,,,,,,,,,,,,,,,,,,,,,,,,,,,,,,,,,,,,,,,,,,,,,,,,,,,,,,,,,,,,,,,,,,,,,,,,,,,,,,,,,,,,,,,,,,,,,,,,,,,,,,,,,,,,,,,,,,,,,,,,,,,,,,,,,,,,,,,,,,,,,,,,,,
,,,-,,,%,Net goc hizi (%) ,,,,,-6.308263688,-14.9556809,-9.406838262,-28.26007419,-3.904956063,-7.755397233,6.741134863,19.67506942,-24.69961415,-11.69702323,9.154084742,5.569864178,11.35515933,-6.57202027,-25.47895345,-3.034179751,-4.733179197,-27.85997617,-3.649208255,-1.393322954,14.29382619,4.525889821,6.083424945,-15.00092801,0.655015528,-10.72705443,,-7.691191226,-6.406084597,-4.731356962,-31.22983512,13.24677669,0.592525309,3.681788922,1.584604953,3.176078705,-2.236955422,-20.42237802,2.942011407,2.103071971,7.203979321,0.551984715,-0.490057836,3.303367999,-28.02281375,2.14421811,1.1827461,3.203708686,-18.60275406,-1.370216476,-11.11706402,15.5648075,-5.698819082,-13.33898559,-3.170266438,2.161437238,-18.24949512,-2.077808766,13.92963929,-38.42048575,-4.784426356,3.430338816,-5.184792293,,-1.78919974,4.042021011,-4.229585013,-7.450114233,-2.515019329,4.127209891,-6.163292415,-18.14597643,33.18554745,-10.15464104,-1.479581048,9.215304611,-4.646315645,-9.007714243,52.57986535,-30.03528358,-3.049525356,,,,,,,,,,,,,,,,,,,,,,,,,,,,,,,,,,,,,,,,,,,,,,,,,,,,,,,,,,,,,,,,,,,,,,,,,,,,,,,,,,,,,,,,,,,,,,,,,,,,,,,,,,,,,,,,,,,,,,,,,,,,,,,,,,,,,,,,,,,,,,,,,,,,,,,,,,,,,,,,,,,,,,,,,,,,,,,,,,,,,,,,,,,,,,,,,,,,,,,,,,,,,,,,,,,,,,,,,,,,,,,,,,,,,,,,,,,,,,,,,,,,,,,,,,,,,,,,,,,,,,,,,,,,,,,,,,,,,,,,,,,,,,,,,,,,,,,,,,,,
,,2009,,,,,,,,,,,,,,,,,,,,,,,,,,,,,,,,,,,,,,,,,,,,,,,,,,,,,,,,,,,,,,,,,,,,,,,,,,,,,,,,,,,,,,,,,,,,,,,,,,,,,,,,,,,,,,,,,,,,,,,,,,,,,,,,,,,,,,,,,,,,,,,,,,,,,,,,,,,,,,,,,,,,,,,,,,,,,,,,,,,,,,,,,,,,,,,,,,,,,,,,,,,,,,,,,,,,,,,,,,,,,,,,,,,,,,,,,,,,,,,,,,,,,,,,,,,,,,,,,,,,,,,,,,,,,,,,,,,,,,,,,,,,,,,,,,,,,,,,,,,,,,,,,,,,,,,,,,,,,,,,,,,,,,,,,,,,,,,,,,,,,,,,,,,,,,,,,,,,,,,,,,,,,,,,,,,,,,,,,,,,,,,,,,,,,,
,,,-,,,,"Aldigi goc
",,,,,92684,17624,35636,24586,18892,30294,377108,171982,8791,14374,76570,80207,10069,20133,6027,24586,13795,24270,25532,17328,180171,42818,20869,27073,57412,62996,,35973,36075,29336,50809,62802,68550,30844,13777,13369,47298,11944,45579,920955,306387,33864,15440,13374,28937,26171,64169,7157,23455,29968,19273,119301,107316,38553,49192,76526,26083,117894,80782,13379,23171,27740,35790,,25050,50354,59628,38320,17932,16205,28457,43309,88618,33384,52923,15705,18807,35053,22774,32948,27839,,,,,,,,,,,,,,,,,,,,,,,,,,,,,,,,,,,,,,,,,,,,,,,,,,,,,,,,,,,,,,,,,,,,,,,,,,,,,,,,,,,,,,,,,,,,,,,,,,,,,,,,,,,,,,,,,,,,,,,,,,,,,,,,,,,,,,,,,,,,,,,,,,,,,,,,,,,,,,,,,,,,,,,,,,,,,,,,,,,,,,,,,,,,,,,,,,,,,,,,,,,,,,,,,,,,,,,,,,,,,,,,,,,,,,,,,,,,,,,,,,,,,,,,,,,,,,,,,,,,,,,,,,,,,,,,,,,,,,,,,,,,,,,,,,,,,,,,,,,,
,,,-,,,,"Verdigi goc
",,,,,133181,58369,52252,50799,23661,39393,286224,81525,22317,25934,55017,75403,25727,38165,11387,14481,25202,31374,35786,22702,94846,31327,25340,60095,42207,111060,,41079,48438,30661,97300,53220,65051,36693,17780,15715,85539,13305,31710,513507,186012,59394,24080,16145,47268,37860,67476,11199,35081,24698,30021,119090,104529,39617,66015,72839,68165,99465,37861,37448,25125,28439,72748,,32523,66252,111272,87632,34994,32592,22507,78936,37283,70556,62900,18828,20865,67406,22260,59223,71848,,,,,,,,,,,,,,,,,,,,,,,,,,,,,,,,,,,,,,,,,,,,,,,,,,,,,,,,,,,,,,,,,,,,,,,,,,,,,,,,,,,,,,,,,,,,,,,,,,,,,,,,,,,,,,,,,,,,,,,,,,,,,,,,,,,,,,,,,,,,,,,,,,,,,,,,,,,,,,,,,,,,,,,,,,,,,,,,,,,,,,,,,,,,,,,,,,,,,,,,,,,,,,,,,,,,,,,,,,,,,,,,,,,,,,,,,,,,,,,,,,,,,,,,,,,,,,,,,,,,,,,,,,,,,,,,,,,,,,,,,,,,,,,,,,,,,,,,,,,,
,,,-,,,,"Net goc

",,,,,-40497,-40745,-16616,-26213,-4769,-9099,90884,90457,-13526,-11560,21553,4804,-15658,-18032,-5360,10105,-11407,-7104,-10254,-5374,85325,11491,-4471,-33022,15205,-48064,,-5106,-12363,-1325,-46491,9582,3499,-5849,-4003,-2346,-38241,-1361,13869,407448,120375,-25530,-8640,-2771,-18331,-11689,-3307,-4042,-11626,5270,-10748,211,2787,-1064,-16823,3687,-42082,18429,42921,-24069,-1954,-699,-36958,,-7473,-15898,-51644,-49312,-17062,-16387,5950,-35627,51335,-37172,-9977,-3123,-2058,-32353,514,-26275,-44009,,,,,,,,,,,,,,,,,,,,,,,,,,,,,,,,,,,,,,,,,,,,,,,,,,,,,,,,,,,,,,,,,,,,,,,,,,,,,,,,,,,,,,,,,,,,,,,,,,,,,,,,,,,,,,,,,,,,,,,,,,,,,,,,,,,,,,,,,,,,,,,,,,,,,,,,,,,,,,,,,,,,,,,,,,,,,,,,,,,,,,,,,,,,,,,,,,,,,,,,,,,,,,,,,,,,,,,,,,,,,,,,,,,,,,,,,,,,,,,,,,,,,,,,,,,,,,,,,,,,,,,,,,,,,,,,,,,,,,,,,,,,,,,,,,,,,,,,,,,,
,,,-,,,%,Net goc hizi (%) ,,,,,-23.96826012,-70.23250242,-22.54787148,-56.44566515,-13.4134182,-26.80642895,25.58512705,64.31160096,-106.7182137,-63.56433139,25.45438011,4.851731333,-86.78350127,-45.15846283,-59.51191349,57.90515703,-50.06528633,-21.18826056,-40.76424005,-22.70307721,45.11997047,27.39432112,-18.28461594,-58.36007861,19.86110939,-40.03925286,,-14.0359558,-23.77406275,-4.676616389,-54.78084891,14.84490467,3.130296466,-12.06717096,-23.46775163,-12.46884118,-33.86630333,-9.303915369,30.7223371,46.08548563,39.8752018,-28.26575791,-40.68237144,-12.57028541,-61.14888926,-32.83016589,-3.459022301,-38.85679129,-32.72265677,18.02553675,-45.0835144,0.195461314,1.423939192,-1.760723618,-21.50260011,3.212051597,-67.5840183,12.38208082,70.20238326,-59.82216644,-7.1243665,-2.232274733,-44.66266743,,-21.89277433,-23.05641847,-45.54128557,-38.89836351,-75.0624714,-75.66624109,21.76895637,-51.01600273,96.81309801,-48.44734421,-11.10817303,-36.65342386,-6.902774191,-43.58019528,3.474733818,-41.88495864,-73.81750509,,,,,,,,,,,,,,,,,,,,,,,,,,,,,,,,,,,,,,,,,,,,,,,,,,,,,,,,,,,,,,,,,,,,,,,,,,,,,,,,,,,,,,,,,,,,,,,,,,,,,,,,,,,,,,,,,,,,,,,,,,,,,,,,,,,,,,,,,,,,,,,,,,,,,,,,,,,,,,,,,,,,,,,,,,,,,,,,,,,,,,,,,,,,,,,,,,,,,,,,,,,,,,,,,,,,,,,,,,,,,,,,,,,,,,,,,,,,,,,,,,,,,,,,,,,,,,,,,,,,,,,,,,,,,,,,,,,,,,,,,,,,,,,,,,,,,,,,,,,,
,,2008,,,,,,,,,,,,,,,,,,,,,,,,,,,,,,,,,,,,,,,,,,,,,,,,,,,,,,,,,,,,,,,,,,,,,,,,,,,,,,,,,,,,,,,,,,,,,,,,,,,,,,,,,,,,,,,,,,,,,,,,,,,,,,,,,,,,,,,,,,,,,,,,,,,,,,,,,,,,,,,,,,,,,,,,,,,,,,,,,,,,,,,,,,,,,,,,,,,,,,,,,,,,,,,,,,,,,,,,,,,,,,,,,,,,,,,,,,,,,,,,,,,,,,,,,,,,,,,,,,,,,,,,,,,,,,,,,,,,,,,,,,,,,,,,,,,,,,,,,,,,,,,,,,,,,,,,,,,,,,,,,,,,,,,,,,,,,,,,,,,,,,,,,,,,,,,,,,,,,,,,,,,,,,,,,,,,,,,,,,,,,,,,,,,,,,
,,,-,,,,"Aldigi goc
",,,,,124479,19370,25053,17162,12313,20273,326301,123737,,12341,60657,65588,,20542,6480,17269,9878,13606,33826,14624,141460,27428,21591,25299,43521,46883,,24462,25880,24246,34250,53563,52589,23308,10526,6990,44580,,24326,995717,276378,23957,,13027,26759,22565,52529,,18457,21749,16094,137408,71113,26327,36364,71669,21281,131573,43712,12425,16662,15653,28124,,20159,44380,53547,30660,10960,14532,9368,33463,49734,25974,29999,9118,17362,22187,,20843,38943,,,,,,,,,,,,,,,,,,,,,,,,,,,,,,,,,,,,,,,,,,,,,,,,,,,,,,,,,,,,,,,,,,,,,,,,,,,,,,,,,,,,,,,,,,,,,,,,,,,,,,,,,,,,,,,,,,,,,,,,,,,,,,,,,,,,,,,,,,,,,,,,,,,,,,,,,,,,,,,,,,,,,,,,,,,,,,,,,,,,,,,,,,,,,,,,,,,,,,,,,,,,,,,,,,,,,,,,,,,,,,,,,,,,,,,,,,,,,,,,,,,,,,,,,,,,,,,,,,,,,,,,,,,,,,,,,,,,,,,,,,,,,,,,,,,,,,,,,,,,
,,,-,,,,"Verdigi goc
",,,,,97545,36742,50832,54474,14704,40189,256790,41000,,32713,41580,60740,,16617,20288,14260,29766,34115,37975,23449,57819,29470,37094,59196,32951,79095,,31955,47044,49820,122548,47053,53070,58136,32831,11462,48582,,30821,339040,130170,57906,,12093,131784,49342,68534,,27270,27259,35741,54146,98297,30936,71571,50723,56031,56856,27714,46254,27370,31510,71034,,48885,38027,84769,57460,42271,37101,14533,109914,31827,71720,81494,29450,16792,42967,,55345,68311,,,,,,,,,,,,,,,,,,,,,,,,,,,,,,,,,,,,,,,,,,,,,,,,,,,,,,,,,,,,,,,,,,,,,,,,,,,,,,,,,,,,,,,,,,,,,,,,,,,,,,,,,,,,,,,,,,,,,,,,,,,,,,,,,,,,,,,,,,,,,,,,,,,,,,,,,,,,,,,,,,,,,,,,,,,,,,,,,,,,,,,,,,,,,,,,,,,,,,,,,,,,,,,,,,,,,,,,,,,,,,,,,,,,,,,,,,,,,,,,,,,,,,,,,,,,,,,,,,,,,,,,,,,,,,,,,,,,,,,,,,,,,,,,,,,,,,,,,,,,
,,,-,,,,"Net goc

",,,,,26934,-17372,-25779,-37312,-2391,-19916,69511,82737,,-20372,19077,4848,,3925,-13808,3009,-19888,-20509,-4149,-8825,83641,-2042,-15503,-33897,10570,-32212,,-7493,-21164,-25574,-88298,6510,-481,-34828,-22305,-4472,-4002,,-6495,656677,146208,-33949,,934,-105025,-26777,-16005,,-8813,-5510,-19647,83262,-27184,-4609,-35207,20946,-34750,74717,15998,-33829,-10708,-15857,-42910,,-28726,6353,-31222,-26800,-31311,-22569,-5165,-76451,17907,-45746,-51495,-20332,570,-20780,,-34502,-29368,,,,,,,,,,,,,,,,,,,,,,,,,,,,,,,,,,,,,,,,,,,,,,,,,,,,,,,,,,,,,,,,,,,,,,,,,,,,,,,,,,,,,,,,,,,,,,,,,,,,,,,,,,,,,,,,,,,,,,,,,,,,,,,,,,,,,,,,,,,,,,,,,,,,,,,,,,,,,,,,,,,,,,,,,,,,,,,,,,,,,,,,,,,,,,,,,,,,,,,,,,,,,,,,,,,,,,,,,,,,,,,,,,,,,,,,,,,,,,,,,,,,,,,,,,,,,,,,,,,,,,,,,,,,,,,,,,,,,,,,,,,,,,,,,,,,,,,,,,,,
,,,-,,,%,Net goc hizi (%) ,,,,,15.83579782,-37.54492662,-37.71619438,-95.40124672,-8.194628423,-59.74590889,24.90352308,89.65383846,,-98.61220696,27.05268659,5.417165307,,13.85792188,-133.1635999,19.56150758,-87.71395934,-71.93149515,-8.587564073,-36.84198442,61.6167878,-5.220290107,-60.96594629,-58.47037282,15.3799592,-34.75656271,,-21.21079591,-46.06236832,-93.30614002,-113.170064,11.26398915,-0.481420039,-73.92894517,-135.2888193,-32.92350733,-4.100468654,,-16.99071985,107.5597391,63.7561109,-41.55270954,,4.74169442,-163.5413058,-66.09932054,-18.85428833,,-27.73507387,-20.71163836,-80.38821366,108.2139794,-17.16994098,-8.707883478,-54.24970396,20.6378155,-70.16955792,68.29791775,32.87872809,-100.4640251,-41.04490484,-55.65470706,-54.57641907,,-83.97499985,10.46568424,-29.05523491,-29.95196509,-140.7302367,-88.70468521,-24.71096779,-105.8279353,46.68648981,-67.49138764,-67.87567396,-153.8054209,2.135711342,-37.89426079,,-64.30509789,-29.42868194,,,,,,,,,,,,,,,,,,,,,,,,,,,,,,,,,,,,,,,,,,,,,,,,,,,,,,,,,,,,,,,,,,,,,,,,,,,,,,,,,,,,,,,,,,,,,,,,,,,,,,,,,,,,,,,,,,,,,,,,,,,,,,,,,,,,,,,,,,,,,,,,,,,,,,,,,,,,,,,,,,,,,,,,,,,,,,,,,,,,,,,,,,,,,,,,,,,,,,,,,,,,,,,,,,,,,,,,,,,,,,,,,,,,,,,,,,,,,,,,,,,,,,,,,,,,,,,,,,,,,,,,,,,,,,,,,,,,,,,,,,,,,,,,,,,,,,,,,,,,
,,2007,,,,,,,,,,,,,,,,,,,,,,,,,,,,,,,,,,,,,,,,,,,,,,,,,,,,,,,,,,,,,,,,,,,,,,,,,,,,,,,,,,,,,,,,,,,,,,,,,,,,,,,,,,,,,,,,,,,,,,,,,,,,,,,,,,,,,,,,,,,,,,,,,,,,,,,,,,,,,,,,,,,,,,,,,,,,,,,,,,,,,,,,,,,,,,,,,,,,,,,,,,,,,,,,,,,,,,,,,,,,,,,,,,,,,,,,,,,,,,,,,,,,,,,,,,,,,,,,,,,,,,,,,,,,,,,,,,,,,,,,,,,,,,,,,,,,,,,,,,,,,,,,,,,,,,,,,,,,,,,,,,,,,,,,,,,,,,,,,,,,,,,,,,,,,,,,,,,,,,,,,,,,,,,,,,,,,,,,,,,,,,,,,,,,,,
,,,-,,,,"Aldigi goc
",,,,,99672,14552,21663,13662,,17096,257516,54427,,12276,43421,53501,,,,13136,7703,11070,24909,12706,94085,24974,18001,20257,31811,40225,,23754,23619,19628,29407,44995,37007,21962,12724,5211,39667,,18323,576782,194245,25181,,,25209,23590,43071,,,21301,15034,80410,61478,23390,33149,48113,22620,89342,23742,11237,15664,18876,20916,,21662,36857,38687,27559,18217,12043,,31331,31066,22060,25821,8489,11026,15506,,20020,29219,,,,,,,,,,,,,,,,,,,,,,,,,,,,,,,,,,,,,,,,,,,,,,,,,,,,,,,,,,,,,,,,,,,,,,,,,,,,,,,,,,,,,,,,,,,,,,,,,,,,,,,,,,,,,,,,,,,,,,,,,,,,,,,,,,,,,,,,,,,,,,,,,,,,,,,,,,,,,,,,,,,,,,,,,,,,,,,,,,,,,,,,,,,,,,,,,,,,,,,,,,,,,,,,,,,,,,,,,,,,,,,,,,,,,,,,,,,,,,,,,,,,,,,,,,,,,,,,,,,,,,,,,,,,,,,,,,,,,,,,,,,,,,,,,,,,,,,,,,,,
,,,-,,,,"Verdigi goc
",,,,,75843,28166,37518,32667,,27559,220885,29088,,23131,34056,50241,,,,12041,16989,20310,29811,16751,46651,26808,27136,37969,29716,52775,,29269,37302,31211,78152,36489,41263,41917,26799,6263,34798,,23471,279184,112072,35681,,,75635,34684,48216,,,23553,21114,39123,72101,23353,46093,41614,40115,39749,20684,25583,17063,30043,45146,,32919,29775,52396,42068,36449,21820,,69018,27628,38842,51317,26286,13935,27500,,34299,47770,,,,,,,,,,,,,,,,,,,,,,,,,,,,,,,,,,,,,,,,,,,,,,,,,,,,,,,,,,,,,,,,,,,,,,,,,,,,,,,,,,,,,,,,,,,,,,,,,,,,,,,,,,,,,,,,,,,,,,,,,,,,,,,,,,,,,,,,,,,,,,,,,,,,,,,,,,,,,,,,,,,,,,,,,,,,,,,,,,,,,,,,,,,,,,,,,,,,,,,,,,,,,,,,,,,,,,,,,,,,,,,,,,,,,,,,,,,,,,,,,,,,,,,,,,,,,,,,,,,,,,,,,,,,,,,,,,,,,,,,,,,,,,,,,,,,,,,,,,,,
,,,-,,,,"Net goc

",,,,,23829,-13614,-15855,-19005,,-10463,36631,25339,,-10855,9365,3260,,,,1095,-9286,-9240,-4902,-4045,47434,-1834,-9135,-17712,2095,-12550,,-5515,-13683,-11583,-48745,8506,-4256,-19955,-14075,-1052,4869,,-5148,297598,82173,-10500,,,-50426,-11094,-5145,,,-2252,-6080,41287,-10623,37,-12944,6499,-17495,49593,3058,-14346,-1399,-11167,-24230,,-11257,7082,-13709,-14509,-18232,-9777,,-37687,3438,-16782,-25496,-17797,-2909,-11994,,-14279,-18551,,,,,,,,,,,,,,,,,,,,,,,,,,,,,,,,,,,,,,,,,,,,,,,,,,,,,,,,,,,,,,,,,,,,,,,,,,,,,,,,,,,,,,,,,,,,,,,,,,,,,,,,,,,,,,,,,,,,,,,,,,,,,,,,,,,,,,,,,,,,,,,,,,,,,,,,,,,,,,,,,,,,,,,,,,,,,,,,,,,,,,,,,,,,,,,,,,,,,,,,,,,,,,,,,,,,,,,,,,,,,,,,,,,,,,,,,,,,,,,,,,,,,,,,,,,,,,,,,,,,,,,,,,,,,,,,,,,,,,,,,,,,,,,,,,,,,,,,,,,,
,,,-,,,%,Net goc hizi (%) ,,,,,16.41532303,-35.37031793,-26.46206895,-53.47864442,,-32.45241703,12.96481421,32.81852157,,-51.1286695,14.72522479,3.917868968,,,,7.868216358,-44.14358311,-36.97375424,-10.87002317,-17.84371202,41.08753688,-4.916494652,-38.11657789,-32.58793702,3.477643071,-16.06796943,,-16.4590754,-31.56820109,-45.38517449,-64.82215962,16.04490915,-5.15678767,-43.41030296,-54.1495065,-7.626725438,5.730031828,,-15.36354114,60.49092701,41.93256284,-14.21797097,,,-77.93673069,-26.92352496,-6.884329219,,,-8.899040152,-26.43754131,67.00015011,-6.806301676,0.077109438,-21.99568719,7.10232473,-31.2103905,56.49862977,7.02571808,-49.36495866,-5.794556265,-22.59229774,-34.51965255,,-32.57888956,13.24542947,-13.81858831,-20.89662945,-41.70211987,-38.43288789,,-54.61618892,10.29887096,-27.32090093,-35.63641243,-123.8952839,-11.80660545,-26.28107649,,-29.32650096,-20.00400058,,,,,,,,,,,,,,,,,,,,,,,,,,,,,,,,,,,,,,,,,,,,,,,,,,,,,,,,,,,,,,,,,,,,,,,,,,,,,,,,,,,,,,,,,,,,,,,,,,,,,,,,,,,,,,,,,,,,,,,,,,,,,,,,,,,,,,,,,,,,,,,,,,,,,,,,,,,,,,,,,,,,,,,,,,,,,,,,,,,,,,,,,,,,,,,,,,,,,,,,,,,,,,,,,,,,,,,,,,,,,,,,,,,,,,,,,,,,,,,,,,,,,,,,,,,,,,,,,,,,,,,,,,,,,,,,,,,,,,,,,,,,,,,,,,,,,,,,,,,,
,,,,,,,,,,,,,,,,,,,,,,,,,,,,,,,,,,,,,,,,,,,,,,,,,,,,,,,,,,,,,,,,,,,,,,,,,,,,,,,,,,,,,,,,,,,,,,,,,,,,,,,,,,,,,,,,,,,,,,,,,,,,,,,,,,,,,,,,,,,,,,,,,,,,,,,,,,,,,,,,,,,,,,,,,,,,,,,,,,,,,,,,,,,,,,,,,,,,,,,,,,,,,,,,,,,,,,,,,,,,,,,,,,,,,,,,,,,,,,,,,,,,,,,,,,,,,,,,,,,,,,,,,,,,,,,,,,,,,,,,,,,,,,,,,,,,,,,,,,,,,,,,,,,,,,,,,,,,,,,,,,,,,,,,,,,,,,,,,,,,,,,,,,,,,,,,,,,,,,,,,,,,,,,,,,,,,,,,,,,,,,,,,,,,,,,,
,,,,,,,,,,,,,,,,,,,,,,,,,,,,,,,,,,,,,,,,,,,,,,,,,,,,,,,,,,,,,,,,,,,,,,,,,,,,,,,,,,,,,,,,,,,,,,,,,,,,,,,,,,,,,,,,,,,,,,,,,,,,,,,,,,,,,,,,,,,,,,,,,,,,,,,,,,,,,,,,,,,,,,,,,,,,,,,,,,,,,,,,,,,,,,,,,,,,,,,,,,,,,,,,,,,,,,,,,,,,,,,,,,,,,,,,,,,,,,,,,,,,,,,,,,,,,,,,,,,,,,,,,,,,,,,,,,,,,,,,,,,,,,,,,,,,,,,,,,,,,,,,,,,,,,,,,,,,,,,,,,,,,,,,,,,,,,,,,,,,,,,,,,,,,,,,,,,,,,,,,,,,,,,,,,,,,,,,,,,,,,,,,,,,,,,,
